Date,Measurement_Period,plotID,temp
7/29/2018,1,AR_1_Open_1,22.26
8/6/2018,2,AR_1_Open_1,13.76
8/12/2018,3,AR_1_Open_1,12.26
8/19/2018,4,AR_1_Open_1,15.52
8/26/2018,5,AR_1_Open_1,19.92
9/3/2018,6,AR_1_Open_1,8.36
9/11/2018,7,AR_1_Open_1,7.9
9/16/2018,8,AR_1_Open_1,7.94
9/29/2018,9,AR_1_Open_1,8.78
10/7/2018,10,AR_1_Open_1,11.56
10/21/2018,11,AR_1_Open_1,16.36
7/29/2018,1,AR_1_Open_2,19.74
8/6/2018,2,AR_1_Open_2,20.44
8/12/2018,3,AR_1_Open_2,18.6
8/19/2018,4,AR_1_Open_2,18.62
8/26/2018,5,AR_1_Open_2,17.54
9/3/2018,6,AR_1_Open_2,17.37
9/11/2018,7,AR_1_Open_2,16.03
9/16/2018,8,AR_1_Open_2,14.36
9/29/2018,9,AR_1_Open_2,15.05
10/7/2018,10,AR_1_Open_2,14.23
10/21/2018,11,AR_1_Open_2,12.74
7/29/2018,1,AR_1_Open_3,25.22
8/6/2018,2,AR_1_Open_3,26.72
8/12/2018,3,AR_1_Open_3,25.65
8/19/2018,4,AR_1_Open_3,14.84
8/26/2018,5,AR_1_Open_3,8.46
9/3/2018,6,AR_1_Open_3,7.76
9/11/2018,7,AR_1_Open_3,6.86
9/16/2018,8,AR_1_Open_3,5.38
9/29/2018,9,AR_1_Open_3,4.82
10/7/2018,10,AR_1_Open_3,6.88
10/21/2018,11,AR_1_Open_3,8.94
7/29/2018,1,AR_1_P_1,31.96
8/6/2018,2,AR_1_P_1,31.4
8/12/2018,3,AR_1_P_1,33.16
8/19/2018,4,AR_1_P_1,32.66
8/26/2018,5,AR_1_P_1,34.1
9/3/2018,6,AR_1_P_1,35.74
9/11/2018,7,AR_1_P_1,37.25
9/16/2018,8,AR_1_P_1,34.74
9/29/2018,9,AR_1_P_1,31.66
10/7/2018,10,AR_1_P_1,31.24
10/21/2018,11,AR_1_P_1,29.92
7/29/2018,1,AR_1_P_2,34.9
8/6/2018,2,AR_1_P_2,29.04
8/12/2018,3,AR_1_P_2,31.38
8/19/2018,4,AR_1_P_2,38
8/26/2018,5,AR_1_P_2,35.96
9/3/2018,6,AR_1_P_2,31.64
9/11/2018,7,AR_1_P_2,27.01
9/16/2018,8,AR_1_P_2,27.43
9/29/2018,9,AR_1_P_2,24.88
10/7/2018,10,AR_1_P_2,19.85
10/21/2018,11,AR_1_P_2,23.18
7/29/2018,1,AR_1_P_3,37.56
8/6/2018,2,AR_1_P_3,38.5
8/12/2018,3,AR_1_P_3,32.4
8/19/2018,4,AR_1_P_3,34.44
8/26/2018,5,AR_1_P_3,36.92
9/3/2018,6,AR_1_P_3,35.49
9/11/2018,7,AR_1_P_3,31.94
9/16/2018,8,AR_1_P_3,33.52
9/29/2018,9,AR_1_P_3,31.14
10/7/2018,10,AR_1_P_3,26.65
10/21/2018,11,AR_1_P_3,29.2
7/29/2018,1,AR_1_T_1,26.5
8/6/2018,2,AR_1_T_1,24.61
8/12/2018,3,AR_1_T_1,27.15
8/19/2018,4,AR_1_T_1,24.15
8/26/2018,5,AR_1_T_1,25.75
9/3/2018,6,AR_1_T_1,28.2
9/11/2018,7,AR_1_T_1,26.42
9/16/2018,8,AR_1_T_1,27.3
9/29/2018,9,AR_1_T_1,26.73
10/7/2018,10,AR_1_T_1,25.24
10/21/2018,11,AR_1_T_1,29.04
7/29/2018,1,AR_1_T_2,32.94
8/6/2018,2,AR_1_T_2,26.22
8/12/2018,3,AR_1_T_2,24.84
8/19/2018,4,AR_1_T_2,23.32
8/26/2018,5,AR_1_T_2,22.22
9/3/2018,6,AR_1_T_2,21.76
9/11/2018,7,AR_1_T_2,22.2
9/16/2018,8,AR_1_T_2,23.79
9/29/2018,9,AR_1_T_2,28.75
10/7/2018,10,AR_1_T_2,26.48
10/21/2018,11,AR_1_T_2,27.97
7/29/2018,1,AR_1_T_3,23.68
8/6/2018,2,AR_1_T_3,22.74
8/12/2018,3,AR_1_T_3,21.8
8/19/2018,4,AR_1_T_3,21.72
8/26/2018,5,AR_1_T_3,21.38
9/3/2018,6,AR_1_T_3,22.36
9/11/2018,7,AR_1_T_3,24.98
9/16/2018,8,AR_1_T_3,23.14
9/29/2018,9,AR_1_T_3,21.44
10/7/2018,10,AR_1_T_3,21.58
10/21/2018,11,AR_1_T_3,19.74
7/29/2018,1,AR_2_Open_1,21.36
8/6/2018,2,AR_2_Open_1,18.16
8/12/2018,3,AR_2_Open_1,19.38
8/19/2018,4,AR_2_Open_1,19.56
8/26/2018,5,AR_2_Open_1,16.14
9/3/2018,6,AR_2_Open_1,15.16
9/11/2018,7,AR_2_Open_1,11.94
9/16/2018,8,AR_2_Open_1,8.76
9/29/2018,9,AR_2_Open_1,10.1
10/7/2018,10,AR_2_Open_1,8.2
10/21/2018,11,AR_2_Open_1,8.34
7/29/2018,1,AR_2_Open_2,21.28
8/6/2018,2,AR_2_Open_2,20.76
8/12/2018,3,AR_2_Open_2,20.64
8/19/2018,4,AR_2_Open_2,20.42
8/26/2018,5,AR_2_Open_2,20.82
9/3/2018,6,AR_2_Open_2,20.72
9/11/2018,7,AR_2_Open_2,18.56
9/16/2018,8,AR_2_Open_2,15.66
9/29/2018,9,AR_2_Open_2,12.5
10/7/2018,10,AR_2_Open_2,14.74
10/21/2018,11,AR_2_Open_2,14.34
7/29/2018,1,AR_2_Open_3,19.74
8/6/2018,2,AR_2_Open_3,15.54
8/12/2018,3,AR_2_Open_3,17.76
8/19/2018,4,AR_2_Open_3,17.12
8/26/2018,5,AR_2_Open_3,18.04
9/3/2018,6,AR_2_Open_3,16.52
9/11/2018,7,AR_2_Open_3,20.62
9/16/2018,8,AR_2_Open_3,15.2
9/29/2018,9,AR_2_Open_3,16.92
10/7/2018,10,AR_2_Open_3,15.39
10/21/2018,11,AR_2_Open_3,12.76
7/29/2018,1,AR_2_P_1,36.8
8/6/2018,2,AR_2_P_1,23.14
8/12/2018,3,AR_2_P_1,37.26
8/19/2018,4,AR_2_P_1,36.54
8/26/2018,5,AR_2_P_1,34.14
9/3/2018,6,AR_2_P_1,30.9
9/11/2018,7,AR_2_P_1,26.34
9/16/2018,8,AR_2_P_1,21.8
9/29/2018,9,AR_2_P_1,24.64
10/7/2018,10,AR_2_P_1,26.84
10/21/2018,11,AR_2_P_1,28.58
7/29/2018,1,AR_2_P_2,33.22
8/6/2018,2,AR_2_P_2,34
8/12/2018,3,AR_2_P_2,36.5
8/19/2018,4,AR_2_P_2,38.3
8/26/2018,5,AR_2_P_2,37.94
9/3/2018,6,AR_2_P_2,37.18
9/11/2018,7,AR_2_P_2,35.9
9/16/2018,8,AR_2_P_2,34.6
9/29/2018,9,AR_2_P_2,31
10/7/2018,10,AR_2_P_2,30.4
10/21/2018,11,AR_2_P_2,28
7/29/2018,1,AR_2_P_3,30.82
8/6/2018,2,AR_2_P_3,37.38
8/12/2018,3,AR_2_P_3,34.82
8/19/2018,4,AR_2_P_3,32.52
8/26/2018,5,AR_2_P_3,33.92
9/3/2018,6,AR_2_P_3,28.12
9/11/2018,7,AR_2_P_3,23.7
9/16/2018,8,AR_2_P_3,23.32
9/29/2018,9,AR_2_P_3,22.9
10/7/2018,10,AR_2_P_3,22.38
10/21/2018,11,AR_2_P_3,21.66
7/29/2018,1,AR_2_T_1,27.48
8/6/2018,2,AR_2_T_1,25.78
8/12/2018,3,AR_2_T_1,25.92
8/19/2018,4,AR_2_T_1,25.2
8/26/2018,5,AR_2_T_1,23.2
9/3/2018,6,AR_2_T_1,23.12
9/11/2018,7,AR_2_T_1,24.1
9/16/2018,8,AR_2_T_1,24.86
9/29/2018,9,AR_2_T_1,23.98
10/7/2018,10,AR_2_T_1,22.5
10/21/2018,11,AR_2_T_1,22.82
7/29/2018,1,AR_2_T_2,22.46
8/6/2018,2,AR_2_T_2,24.86
8/12/2018,3,AR_2_T_2,27.48
8/19/2018,4,AR_2_T_2,28.28
8/26/2018,5,AR_2_T_2,30.28
9/3/2018,6,AR_2_T_2,30.83
9/11/2018,7,AR_2_T_2,23.68
9/16/2018,8,AR_2_T_2,23.44
9/29/2018,9,AR_2_T_2,23.14
10/7/2018,10,AR_2_T_2,25.81
10/21/2018,11,AR_2_T_2,25.97
7/29/2018,1,AR_2_T_3,20.82
8/6/2018,2,AR_2_T_3,19.64
8/12/2018,3,AR_2_T_3,23.96
8/19/2018,4,AR_2_T_3,25
8/26/2018,5,AR_2_T_3,23.42
9/3/2018,6,AR_2_T_3,24.6
9/11/2018,7,AR_2_T_3,22.5
9/16/2018,8,AR_2_T_3,20.22
9/29/2018,9,AR_2_T_3,21.68
10/7/2018,10,AR_2_T_3,19.4
10/21/2018,11,AR_2_T_3,18.98
7/29/2018,1,AR_3_Open_1,26.4
8/6/2018,2,AR_3_Open_1,22.76
8/12/2018,3,AR_3_Open_1,22.26
8/19/2018,4,AR_3_Open_1,17.2
8/26/2018,5,AR_3_Open_1,11.44
9/3/2018,6,AR_3_Open_1,10.72
9/11/2018,7,AR_3_Open_1,8.7
9/16/2018,8,AR_3_Open_1,8.22
9/29/2018,9,AR_3_Open_1,7.54
10/7/2018,10,AR_3_Open_1,8.66
10/21/2018,11,AR_3_Open_1,8.06
7/29/2018,1,AR_3_Open_2,19.98
8/6/2018,2,AR_3_Open_2,19.94
8/12/2018,3,AR_3_Open_2,20.52
8/19/2018,4,AR_3_Open_2,22.52
8/26/2018,5,AR_3_Open_2,19.04
9/3/2018,6,AR_3_Open_2,18.04
9/11/2018,7,AR_3_Open_2,17.7
9/16/2018,8,AR_3_Open_2,15.69
9/29/2018,9,AR_3_Open_2,10.25
10/7/2018,10,AR_3_Open_2,10.15
10/21/2018,11,AR_3_Open_2,9.405
7/29/2018,1,AR_3_Open_3,17.84
8/6/2018,2,AR_3_Open_3,15.84
8/12/2018,3,AR_3_Open_3,18.14
8/19/2018,4,AR_3_Open_3,24.3
8/26/2018,5,AR_3_Open_3,23.72
9/3/2018,6,AR_3_Open_3,17.44
9/11/2018,7,AR_3_Open_3,17.02
9/16/2018,8,AR_3_Open_3,14.3
9/29/2018,9,AR_3_Open_3,14.68
10/7/2018,10,AR_3_Open_3,16.44
10/21/2018,11,AR_3_Open_3,15.36
7/29/2018,1,AR_3_P_1,27.9
8/6/2018,2,AR_3_P_1,24.84
8/12/2018,3,AR_3_P_1,26.64
8/19/2018,4,AR_3_P_1,26.6
8/26/2018,5,AR_3_P_1,27.22
9/3/2018,6,AR_3_P_1,26.98
9/11/2018,7,AR_3_P_1,29.44
9/16/2018,8,AR_3_P_1,31.26
9/29/2018,9,AR_3_P_1,26.7
10/7/2018,10,AR_3_P_1,26.99
10/21/2018,11,AR_3_P_1,23.09
7/29/2018,1,AR_3_P_2,31
8/6/2018,2,AR_3_P_2,30.2
8/12/2018,3,AR_3_P_2,29.34
8/19/2018,4,AR_3_P_2,36.46
8/26/2018,5,AR_3_P_2,32.12
9/3/2018,6,AR_3_P_2,28.68
9/11/2018,7,AR_3_P_2,26.88
9/16/2018,8,AR_3_P_2,25.68
9/29/2018,9,AR_3_P_2,24.1
10/7/2018,10,AR_3_P_2,23.4
10/21/2018,11,AR_3_P_2,26.26
7/29/2018,1,AR_3_P_3,34.86
8/6/2018,2,AR_3_P_3,30.56
8/12/2018,3,AR_3_P_3,31.12
8/19/2018,4,AR_3_P_3,27.36
8/26/2018,5,AR_3_P_3,27.24
9/3/2018,6,AR_3_P_3,27.45
9/11/2018,7,AR_3_P_3,27.53
9/16/2018,8,AR_3_P_3,26.98
9/29/2018,9,AR_3_P_3,27.01
10/7/2018,10,AR_3_P_3,24.66
10/21/2018,11,AR_3_P_3,22.02
7/29/2018,1,AR_3_T_1,24
8/6/2018,2,AR_3_T_1,22.78
8/12/2018,3,AR_3_T_1,23.98
8/19/2018,4,AR_3_T_1,26.14
8/26/2018,5,AR_3_T_1,26.34
9/3/2018,6,AR_3_T_1,26.44
9/11/2018,7,AR_3_T_1,25.82
9/16/2018,8,AR_3_T_1,24.18
9/29/2018,9,AR_3_T_1,22.42
10/7/2018,10,AR_3_T_1,21.94
10/21/2018,11,AR_3_T_1,22
7/29/2018,1,AR_3_T_2,18.08
8/6/2018,2,AR_3_T_2,19.46
8/12/2018,3,AR_3_T_2,20.4
8/19/2018,4,AR_3_T_2,19.46
8/26/2018,5,AR_3_T_2,16.78
9/3/2018,6,AR_3_T_2,17.54
9/11/2018,7,AR_3_T_2,18.99
9/16/2018,8,AR_3_T_2,19.83
9/29/2018,9,AR_3_T_2,18.78
10/7/2018,10,AR_3_T_2,17
10/21/2018,11,AR_3_T_2,17.38
7/29/2018,1,AR_3_T_3,27.02
8/6/2018,2,AR_3_T_3,25.8
8/12/2018,3,AR_3_T_3,26.62
8/19/2018,4,AR_3_T_3,29.56
8/26/2018,5,AR_3_T_3,25.86
9/3/2018,6,AR_3_T_3,24.22
9/11/2018,7,AR_3_T_3,19.38
9/16/2018,8,AR_3_T_3,19.06
9/29/2018,9,AR_3_T_3,18.7
10/7/2018,10,AR_3_T_3,22.06
10/21/2018,11,AR_3_T_3,22.21
7/29/2018,1,IN_1_Open_1,33.352
8/6/2018,2,IN_1_Open_1,31.882
8/12/2018,3,IN_1_Open_1,31.434
8/19/2018,4,IN_1_Open_1,30.708
8/26/2018,5,IN_1_Open_1,30.63
9/3/2018,6,IN_1_Open_1,30.238
9/11/2018,7,IN_1_Open_1,30.416
9/16/2018,8,IN_1_Open_1,28.042
9/29/2018,9,IN_1_Open_1,27.71
10/7/2018,10,IN_1_Open_1,25.532
10/21/2018,11,IN_1_Open_1,24.574
7/29/2018,1,IN_1_Open_2,50.04
8/6/2018,2,IN_1_Open_2,54.66
8/12/2018,3,IN_1_Open_2,48.24
8/19/2018,4,IN_1_Open_2,49.38
8/26/2018,5,IN_1_Open_2,43.42
9/3/2018,6,IN_1_Open_2,38.4
9/11/2018,7,IN_1_Open_2,37.8
9/16/2018,8,IN_1_Open_2,35.88
9/29/2018,9,IN_1_Open_2,34.86
10/7/2018,10,IN_1_Open_2,34.48
10/21/2018,11,IN_1_Open_2,33.12
7/29/2018,1,IN_1_Open_3,45.92
8/6/2018,2,IN_1_Open_3,45.32
8/12/2018,3,IN_1_Open_3,44.62
8/19/2018,4,IN_1_Open_3,44.08
8/26/2018,5,IN_1_Open_3,43.7
9/3/2018,6,IN_1_Open_3,43.06
9/11/2018,7,IN_1_Open_3,42.1
9/16/2018,8,IN_1_Open_3,41.34
9/29/2018,9,IN_1_Open_3,41
10/7/2018,10,IN_1_Open_3,40.38
10/21/2018,11,IN_1_Open_3,39.9
7/29/2018,1,IN_1_P_1,36.897
8/6/2018,2,IN_1_P_1,34.419
8/12/2018,3,IN_1_P_1,33.873
8/19/2018,4,IN_1_P_1,33.264
8/26/2018,5,IN_1_P_1,30.009
9/3/2018,6,IN_1_P_1,31.332
9/11/2018,7,IN_1_P_1,32.592
9/16/2018,8,IN_1_P_1,35.595
9/29/2018,9,IN_1_P_1,38.325
10/7/2018,10,IN_1_P_1,42.105
10/21/2018,11,IN_1_P_1,35.18
7/29/2018,1,IN_1_P_2,43.46
8/6/2018,2,IN_1_P_2,38.5
8/12/2018,3,IN_1_P_2,35.54
8/19/2018,4,IN_1_P_2,32.127
8/26/2018,5,IN_1_P_2,28.894
9/3/2018,6,IN_1_P_2,27.102
9/11/2018,7,IN_1_P_2,28.287
9/16/2018,8,IN_1_P_2,32.004
9/29/2018,9,IN_1_P_2,31.584
10/7/2018,10,IN_1_P_2,32.046
10/21/2018,11,IN_1_P_2,31.366
7/29/2018,1,IN_1_P_3,47.34
8/6/2018,2,IN_1_P_3,41.6
8/12/2018,3,IN_1_P_3,40.48
8/19/2018,4,IN_1_P_3,45.58
8/26/2018,5,IN_1_P_3,48.2
9/3/2018,6,IN_1_P_3,44.66
9/11/2018,7,IN_1_P_3,31.15
9/16/2018,8,IN_1_P_3,29.58
9/29/2018,9,IN_1_P_3,28.66
10/7/2018,10,IN_1_P_3,28.26
10/21/2018,11,IN_1_P_3,27.86
7/29/2018,1,IN_1_T_1,47.52
8/6/2018,2,IN_1_T_1,44.22
8/12/2018,3,IN_1_T_1,45.34
8/19/2018,4,IN_1_T_1,45.16
8/26/2018,5,IN_1_T_1,43.163
9/3/2018,6,IN_1_T_1,34.104
9/11/2018,7,IN_1_T_1,36.057
9/16/2018,8,IN_1_T_1,36.204
9/29/2018,9,IN_1_T_1,33.432
10/7/2018,10,IN_1_T_1,29.631
10/21/2018,11,IN_1_T_1,30.442
7/29/2018,1,IN_1_T_2,37.56
8/6/2018,2,IN_1_T_2,38.5
8/12/2018,3,IN_1_T_2,36.8
8/19/2018,4,IN_1_T_2,40.02
8/26/2018,5,IN_1_T_2,43.26
9/3/2018,6,IN_1_T_2,48.04
9/11/2018,7,IN_1_T_2,43.2
9/16/2018,8,IN_1_T_2,47.52
9/29/2018,9,IN_1_T_2,53.62
10/7/2018,10,IN_1_T_2,41.76
10/21/2018,11,IN_1_T_2,32.64
7/29/2018,1,IN_1_T_3,27.58
8/6/2018,2,IN_1_T_3,30.48
8/12/2018,3,IN_1_T_3,33.04
8/19/2018,4,IN_1_T_3,35.42
8/26/2018,5,IN_1_T_3,38.34
9/3/2018,6,IN_1_T_3,39.82
9/11/2018,7,IN_1_T_3,40.86
9/16/2018,8,IN_1_T_3,38.12
9/29/2018,9,IN_1_T_3,40.74
10/7/2018,10,IN_1_T_3,37.16
10/21/2018,11,IN_1_T_3,26.644
7/29/2018,1,IN_2_Open_1,33.44
8/6/2018,2,IN_2_Open_1,31.06
8/12/2018,3,IN_2_Open_1,30.76
8/19/2018,4,IN_2_Open_1,31.16
8/26/2018,5,IN_2_Open_1,30.9
9/3/2018,6,IN_2_Open_1,30.78
9/11/2018,7,IN_2_Open_1,30.32
9/16/2018,8,IN_2_Open_1,32.26
9/29/2018,9,IN_2_Open_1,32.3
10/7/2018,10,IN_2_Open_1,32.98
10/21/2018,11,IN_2_Open_1,33.92
7/29/2018,1,IN_2_Open_2,52.76
8/6/2018,2,IN_2_Open_2,46.22
8/12/2018,3,IN_2_Open_2,43.58
8/19/2018,4,IN_2_Open_2,39.74
8/26/2018,5,IN_2_Open_2,37.68
9/3/2018,6,IN_2_Open_2,36.6
9/11/2018,7,IN_2_Open_2,35.92
9/16/2018,8,IN_2_Open_2,35.26
9/29/2018,9,IN_2_Open_2,34.56
10/7/2018,10,IN_2_Open_2,33.5
10/21/2018,11,IN_2_Open_2,32.04
7/29/2018,1,IN_2_Open_3,37.8
8/6/2018,2,IN_2_Open_3,31.88
8/12/2018,3,IN_2_Open_3,32.86
8/19/2018,4,IN_2_Open_3,32.44
8/26/2018,5,IN_2_Open_3,33
9/3/2018,6,IN_2_Open_3,32.264
9/11/2018,7,IN_2_Open_3,31.03
9/16/2018,8,IN_2_Open_3,29.76
9/29/2018,9,IN_2_Open_3,28.524
10/7/2018,10,IN_2_Open_3,27.6
10/21/2018,11,IN_2_Open_3,27.766
7/29/2018,1,IN_2_P_1,30.471
8/6/2018,2,IN_2_P_1,31.941
8/12/2018,3,IN_2_P_1,30.534
8/19/2018,4,IN_2_P_1,29.799
8/26/2018,5,IN_2_P_1,33.768
9/3/2018,6,IN_2_P_1,35.469
9/11/2018,7,IN_2_P_1,33.852
9/16/2018,8,IN_2_P_1,33.768
9/29/2018,9,IN_2_P_1,27.191
10/7/2018,10,IN_2_P_1,25.88
10/21/2018,11,IN_2_P_1,25.36
7/29/2018,1,IN_2_P_2,39.44
8/6/2018,2,IN_2_P_2,39
8/12/2018,3,IN_2_P_2,38.06
8/19/2018,4,IN_2_P_2,37.02
8/26/2018,5,IN_2_P_2,35.96
9/3/2018,6,IN_2_P_2,34.46
9/11/2018,7,IN_2_P_2,33.3
9/16/2018,8,IN_2_P_2,32.32
9/29/2018,9,IN_2_P_2,31.56
10/7/2018,10,IN_2_P_2,31.34
10/21/2018,11,IN_2_P_2,30.86
7/29/2018,1,IN_2_P_3,30.975
8/6/2018,2,IN_2_P_3,36.057
8/12/2018,3,IN_2_P_3,34.86
8/19/2018,4,IN_2_P_3,35.049
8/26/2018,5,IN_2_P_3,33.701
9/3/2018,6,IN_2_P_3,32.58
9/11/2018,7,IN_2_P_3,26.994
9/16/2018,8,IN_2_P_3,22.785
9/29/2018,9,IN_2_P_3,22.764
10/7/2018,10,IN_2_P_3,22.386
10/21/2018,11,IN_2_P_3,24.217
7/29/2018,1,IN_2_T_1,33.075
8/6/2018,2,IN_2_T_1,36.771
8/12/2018,3,IN_2_T_1,34.167
8/19/2018,4,IN_2_T_1,24.591
8/26/2018,5,IN_2_T_1,21.063
9/3/2018,6,IN_2_T_1,25.074
9/11/2018,7,IN_2_T_1,28.014
9/16/2018,8,IN_2_T_1,27.468
9/29/2018,9,IN_2_T_1,30.639
10/7/2018,10,IN_2_T_1,31.332
10/21/2018,11,IN_2_T_1,33.012
7/29/2018,1,IN_2_T_2,33.82
8/6/2018,2,IN_2_T_2,34.02
8/12/2018,3,IN_2_T_2,39.16
8/19/2018,4,IN_2_T_2,34.418
8/26/2018,5,IN_2_T_2,29.253
9/3/2018,6,IN_2_T_2,24.045
9/11/2018,7,IN_2_T_2,37.905
9/16/2018,8,IN_2_T_2,33.362
9/29/2018,9,IN_2_T_2,32.84
10/7/2018,10,IN_2_T_2,21.618
10/21/2018,11,IN_2_T_2,20.216
7/29/2018,1,IN_2_T_3,42.063
8/6/2018,2,IN_2_T_3,40.803
8/12/2018,3,IN_2_T_3,31.227
8/19/2018,4,IN_2_T_3,29.673
8/26/2018,5,IN_2_T_3,28.245
9/3/2018,6,IN_2_T_3,26.166
9/11/2018,7,IN_2_T_3,25.641
9/16/2018,8,IN_2_T_3,25.851
9/29/2018,9,IN_2_T_3,28.623
10/7/2018,10,IN_2_T_3,29.715
10/21/2018,11,IN_2_T_3,32.592
7/29/2018,1,IN_3_Open_1,36.14
8/6/2018,2,IN_3_Open_1,33.26
8/12/2018,3,IN_3_Open_1,34.06
8/19/2018,4,IN_3_Open_1,33.62
8/26/2018,5,IN_3_Open_1,33.64
9/3/2018,6,IN_3_Open_1,34.26
9/11/2018,7,IN_3_Open_1,33.96
9/16/2018,8,IN_3_Open_1,33.88
9/29/2018,9,IN_3_Open_1,31.175
10/7/2018,10,IN_3_Open_1,27.02
10/21/2018,11,IN_3_Open_1,26.64
7/29/2018,1,IN_3_Open_2,38.7476
8/6/2018,2,IN_3_Open_2,30.8906
8/12/2018,3,IN_3_Open_2,30.5958
8/19/2018,4,IN_3_Open_2,30.3568
8/26/2018,5,IN_3_Open_2,30.83
9/3/2018,6,IN_3_Open_2,31.472
9/11/2018,7,IN_3_Open_2,27.768
9/16/2018,8,IN_3_Open_2,21.386
9/29/2018,9,IN_3_Open_2,20.764
10/7/2018,10,IN_3_Open_2,20.646
10/21/2018,11,IN_3_Open_2,21.128
7/29/2018,1,IN_3_Open_3,37.82
8/6/2018,2,IN_3_Open_3,41.04
8/12/2018,3,IN_3_Open_3,42.58
8/19/2018,4,IN_3_Open_3,41.6
8/26/2018,5,IN_3_Open_3,42.1
9/3/2018,6,IN_3_Open_3,42.76
9/11/2018,7,IN_3_Open_3,38.94
9/16/2018,8,IN_3_Open_3,32.36
9/29/2018,9,IN_3_Open_3,31.72
10/7/2018,10,IN_3_Open_3,31.6
10/21/2018,11,IN_3_Open_3,30.96
7/29/2018,1,IN_3_P_1,53.78
8/6/2018,2,IN_3_P_1,45.72
8/12/2018,3,IN_3_P_1,43.908
8/19/2018,4,IN_3_P_1,39.474
8/26/2018,5,IN_3_P_1,31.25
9/3/2018,6,IN_3_P_1,28.432
9/11/2018,7,IN_3_P_1,27.741
9/16/2018,8,IN_3_P_1,24.507
9/29/2018,9,IN_3_P_1,23.52
10/7/2018,10,IN_3_P_1,23.058
10/21/2018,11,IN_3_P_1,22.636
7/29/2018,1,IN_3_P_2,53.5
8/6/2018,2,IN_3_P_2,52.58
8/12/2018,3,IN_3_P_2,53.1
8/19/2018,4,IN_3_P_2,50.94
8/26/2018,5,IN_3_P_2,50.7
9/3/2018,6,IN_3_P_2,48.34
9/11/2018,7,IN_3_P_2,44.78
9/16/2018,8,IN_3_P_2,43.08
9/29/2018,9,IN_3_P_2,44.18
10/7/2018,10,IN_3_P_2,47.28
10/21/2018,11,IN_3_P_2,44.26
7/29/2018,1,IN_3_P_3,42.764
8/6/2018,2,IN_3_P_3,39.592
8/12/2018,3,IN_3_P_3,38.94
8/19/2018,4,IN_3_P_3,32.8
8/26/2018,5,IN_3_P_3,37.54
9/3/2018,6,IN_3_P_3,31.68
9/11/2018,7,IN_3_P_3,34.65
9/16/2018,8,IN_3_P_3,33.909
9/29/2018,9,IN_3_P_3,31.458
10/7/2018,10,IN_3_P_3,30.223
10/21/2018,11,IN_3_P_3,28.569
7/29/2018,1,IN_3_T_1,31.36
8/6/2018,2,IN_3_T_1,31.38
8/12/2018,3,IN_3_T_1,31.6
8/19/2018,4,IN_3_T_1,31.2
8/26/2018,5,IN_3_T_1,34.04
9/3/2018,6,IN_3_T_1,38.76
9/11/2018,7,IN_3_T_1,45.94
9/16/2018,8,IN_3_T_1,45.56
9/29/2018,9,IN_3_T_1,41.78
10/7/2018,10,IN_3_T_1,38.46
10/21/2018,11,IN_3_T_1,36.62
7/29/2018,1,IN_3_T_2,48.28
8/6/2018,2,IN_3_T_2,39.54
8/12/2018,3,IN_3_T_2,34.02
8/19/2018,4,IN_3_T_2,32.2
8/26/2018,5,IN_3_T_2,31.74
9/3/2018,6,IN_3_T_2,31.58
9/11/2018,7,IN_3_T_2,31.36
9/16/2018,8,IN_3_T_2,30.84
9/29/2018,9,IN_3_T_2,30.42
10/7/2018,10,IN_3_T_2,27.94
10/21/2018,11,IN_3_T_2,31.24
7/29/2018,1,IN_3_T_3,37.1
8/6/2018,2,IN_3_T_3,35.6
8/12/2018,3,IN_3_T_3,35.14
8/19/2018,4,IN_3_T_3,34.4
8/26/2018,5,IN_3_T_3,34.32
9/3/2018,6,IN_3_T_3,33.92
9/11/2018,7,IN_3_T_3,34.1
9/16/2018,8,IN_3_T_3,31.68
9/29/2018,9,IN_3_T_3,31.34
10/7/2018,10,IN_3_T_3,29.12
10/21/2018,11,IN_3_T_3,28.14
7/29/2018,1,ME_1_Open_1,58.42
8/6/2018,2,ME_1_Open_1,54.78
8/12/2018,3,ME_1_Open_1,51.42
8/19/2018,4,ME_1_Open_1,49.62
8/26/2018,5,ME_1_Open_1,47.16
9/3/2018,6,ME_1_Open_1,45.48
9/11/2018,7,ME_1_Open_1,44.26
9/16/2018,8,ME_1_Open_1,42.82
9/29/2018,9,ME_1_Open_1,41.8
10/7/2018,10,ME_1_Open_1,41.183
10/21/2018,11,ME_1_Open_1,43.407
7/29/2018,1,ME_1_Open_2,62.8
8/6/2018,2,ME_1_Open_2,60.2
8/12/2018,3,ME_1_Open_2,56.64
8/19/2018,4,ME_1_Open_2,52.08
8/26/2018,5,ME_1_Open_2,46.8
9/3/2018,6,ME_1_Open_2,45.92
9/11/2018,7,ME_1_Open_2,41.9
9/16/2018,8,ME_1_Open_2,41.5
9/29/2018,9,ME_1_Open_2,40.38
10/7/2018,10,ME_1_Open_2,39.52
10/21/2018,11,ME_1_Open_2,43.08
7/29/2018,1,ME_1_Open_3,59.74
8/6/2018,2,ME_1_Open_3,61.98
8/12/2018,3,ME_1_Open_3,63.26
8/19/2018,4,ME_1_Open_3,67.44
8/26/2018,5,ME_1_Open_3,68.84
9/3/2018,6,ME_1_Open_3,61.66
9/11/2018,7,ME_1_Open_3,63.38
9/16/2018,8,ME_1_Open_3,59.34
9/29/2018,9,ME_1_Open_3,57.42
10/7/2018,10,ME_1_Open_3,51.94
10/21/2018,11,ME_1_Open_3,41.2
7/29/2018,1,ME_1_P_1,53.62
8/6/2018,2,ME_1_P_1,60.46
8/12/2018,3,ME_1_P_1,63.86
8/19/2018,4,ME_1_P_1,65.52
8/26/2018,5,ME_1_P_1,66.02
9/3/2018,6,ME_1_P_1,65.92
9/11/2018,7,ME_1_P_1,66.98
9/16/2018,8,ME_1_P_1,68.32
9/29/2018,9,ME_1_P_1,64.62
10/7/2018,10,ME_1_P_1,61.74
10/21/2018,11,ME_1_P_1,49.12
7/29/2018,1,ME_1_P_2,55.06
8/6/2018,2,ME_1_P_2,61.36
8/12/2018,3,ME_1_P_2,65.1
8/19/2018,4,ME_1_P_2,71.52
8/26/2018,5,ME_1_P_2,72.06
9/3/2018,6,ME_1_P_2,73.86
9/11/2018,7,ME_1_P_2,74.5
9/16/2018,8,ME_1_P_2,71.38
9/29/2018,9,ME_1_P_2,72
10/7/2018,10,ME_1_P_2,71.44
10/21/2018,11,ME_1_P_2,55.44
7/29/2018,1,ME_1_P_3,54.22
8/6/2018,2,ME_1_P_3,42.64
8/12/2018,3,ME_1_P_3,55.04
8/19/2018,4,ME_1_P_3,53.62
8/26/2018,5,ME_1_P_3,49.36
9/3/2018,6,ME_1_P_3,48
9/11/2018,7,ME_1_P_3,46.6
9/16/2018,8,ME_1_P_3,44.06
9/29/2018,9,ME_1_P_3,43.453
10/7/2018,10,ME_1_P_3,40.236
10/21/2018,11,ME_1_P_3,39.375
7/29/2018,1,ME_1_T_1,44.3
8/6/2018,2,ME_1_T_1,44.08
8/12/2018,3,ME_1_T_1,44.46
8/19/2018,4,ME_1_T_1,43.72
8/26/2018,5,ME_1_T_1,45.64
9/3/2018,6,ME_1_T_1,49.82
9/11/2018,7,ME_1_T_1,59.72
9/16/2018,8,ME_1_T_1,60.82
9/29/2018,9,ME_1_T_1,63.18
10/7/2018,10,ME_1_T_1,66.5
10/21/2018,11,ME_1_T_1,67.5
7/29/2018,1,ME_1_T_2,51.36
8/6/2018,2,ME_1_T_2,52.46
8/12/2018,3,ME_1_T_2,54.08
8/19/2018,4,ME_1_T_2,54.92
8/26/2018,5,ME_1_T_2,57.8
9/3/2018,6,ME_1_T_2,55.54
9/11/2018,7,ME_1_T_2,57.58
9/16/2018,8,ME_1_T_2,56.58
9/29/2018,9,ME_1_T_2,61.14
10/7/2018,10,ME_1_T_2,60.76
10/21/2018,11,ME_1_T_2,62.06
7/29/2018,1,ME_1_T_3,49.82
8/6/2018,2,ME_1_T_3,55.42
8/12/2018,3,ME_1_T_3,57.64
8/19/2018,4,ME_1_T_3,61.98
8/26/2018,5,ME_1_T_3,64.72
9/3/2018,6,ME_1_T_3,66.76
9/11/2018,7,ME_1_T_3,64.48
9/16/2018,8,ME_1_T_3,66.6
9/29/2018,9,ME_1_T_3,71.84
10/7/2018,10,ME_1_T_3,78.44
10/21/2018,11,ME_1_T_3,82.84
7/29/2018,1,ME_2_Open_1,63.66
8/6/2018,2,ME_2_Open_1,55.22
8/12/2018,3,ME_2_Open_1,36.12
8/19/2018,4,ME_2_Open_1,35.02
8/26/2018,5,ME_2_Open_1,34.16
9/3/2018,6,ME_2_Open_1,51.6
9/11/2018,7,ME_2_Open_1,45.68
9/16/2018,8,ME_2_Open_1,42.34
9/29/2018,9,ME_2_Open_1,42.24
10/7/2018,10,ME_2_Open_1,41.92
10/21/2018,11,ME_2_Open_1,42.28
7/29/2018,1,ME_2_Open_2,47.397
8/6/2018,2,ME_2_Open_2,46.935
8/12/2018,3,ME_2_Open_2,47.586
8/19/2018,4,ME_2_Open_2,46.725
8/26/2018,5,ME_2_Open_2,43.512
9/3/2018,6,ME_2_Open_2,43.806
9/11/2018,7,ME_2_Open_2,42.042
9/16/2018,8,ME_2_Open_2,43.029
9/29/2018,9,ME_2_Open_2,40.908
10/7/2018,10,ME_2_Open_2,39.375
10/21/2018,11,ME_2_Open_2,38.682
7/29/2018,1,ME_2_Open_3,46.12
8/6/2018,2,ME_2_Open_3,49.08
8/12/2018,3,ME_2_Open_3,46.06
8/19/2018,4,ME_2_Open_3,43.32
8/26/2018,5,ME_2_Open_3,49.06
9/3/2018,6,ME_2_Open_3,51.74
9/11/2018,7,ME_2_Open_3,56.7
9/16/2018,8,ME_2_Open_3,58.48
9/29/2018,9,ME_2_Open_3,57.7
10/7/2018,10,ME_2_Open_3,57.02
10/21/2018,11,ME_2_Open_3,48.44
7/29/2018,1,ME_2_P_1,57.06
8/6/2018,2,ME_2_P_1,55.04
8/12/2018,3,ME_2_P_1,54
8/19/2018,4,ME_2_P_1,51.9
8/26/2018,5,ME_2_P_1,49.32
9/3/2018,6,ME_2_P_1,47.62
9/11/2018,7,ME_2_P_1,45.36
9/16/2018,8,ME_2_P_1,43.8
9/29/2018,9,ME_2_P_1,39.2
10/7/2018,10,ME_2_P_1,38.4
10/21/2018,11,ME_2_P_1,37.225
7/29/2018,1,ME_2_P_2,43.72
8/6/2018,2,ME_2_P_2,48.68
8/12/2018,3,ME_2_P_2,53.38
8/19/2018,4,ME_2_P_2,49.28
8/26/2018,5,ME_2_P_2,73.14
9/3/2018,6,ME_2_P_2,73.3
9/11/2018,7,ME_2_P_2,60.08
9/16/2018,8,ME_2_P_2,56.98
9/29/2018,9,ME_2_P_2,55.54
10/7/2018,10,ME_2_P_2,51.1
10/21/2018,11,ME_2_P_2,47.34
7/29/2018,1,ME_2_P_3,32.66
8/6/2018,2,ME_2_P_3,38.34
8/12/2018,3,ME_2_P_3,41.74
8/19/2018,4,ME_2_P_3,42.12
8/26/2018,5,ME_2_P_3,43.84
9/3/2018,6,ME_2_P_3,43.88
9/11/2018,7,ME_2_P_3,43.36
9/16/2018,8,ME_2_P_3,41.86
9/29/2018,9,ME_2_P_3,50.1
10/7/2018,10,ME_2_P_3,60.38
10/21/2018,11,ME_2_P_3,66.04
7/29/2018,1,ME_2_T_1,57.68
8/6/2018,2,ME_2_T_1,59.02
8/12/2018,3,ME_2_T_1,56.52
8/19/2018,4,ME_2_T_1,53.84
8/26/2018,5,ME_2_T_1,49.34
9/3/2018,6,ME_2_T_1,45.96
9/11/2018,7,ME_2_T_1,43.46
9/16/2018,8,ME_2_T_1,42.78
9/29/2018,9,ME_2_T_1,42.2
10/7/2018,10,ME_2_T_1,41.84
10/21/2018,11,ME_2_T_1,41.46
7/29/2018,1,ME_2_T_2,63.42
8/6/2018,2,ME_2_T_2,60.82
8/12/2018,3,ME_2_T_2,57.52
8/19/2018,4,ME_2_T_2,52.88
8/26/2018,5,ME_2_T_2,47.74
9/3/2018,6,ME_2_T_2,45.94
9/11/2018,7,ME_2_T_2,42.88
9/16/2018,8,ME_2_T_2,41.42
9/29/2018,9,ME_2_T_2,40.6
10/7/2018,10,ME_2_T_2,39.48
10/21/2018,11,ME_2_T_2,42.16
7/29/2018,1,ME_2_T_3,66.7
8/6/2018,2,ME_2_T_3,65.32
8/12/2018,3,ME_2_T_3,64.42
8/19/2018,4,ME_2_T_3,62.88
8/26/2018,5,ME_2_T_3,59.08
9/3/2018,6,ME_2_T_3,55
9/11/2018,7,ME_2_T_3,52.78
9/16/2018,8,ME_2_T_3,44.58
9/29/2018,9,ME_2_T_3,42.44
10/7/2018,10,ME_2_T_3,41.48
10/21/2018,11,ME_2_T_3,39.778
7/29/2018,1,ME_3_Open_1,45.3
8/6/2018,2,ME_3_Open_1,48.28
8/12/2018,3,ME_3_Open_1,47.32
8/19/2018,4,ME_3_Open_1,50.7
8/26/2018,5,ME_3_Open_1,53.98
9/3/2018,6,ME_3_Open_1,49.151
9/11/2018,7,ME_3_Open_1,44.772
9/16/2018,8,ME_3_Open_1,42.504
9/29/2018,9,ME_3_Open_1,44.373
10/7/2018,10,ME_3_Open_1,42.945
10/21/2018,11,ME_3_Open_1,32.28
7/29/2018,1,ME_3_Open_2,48.16
8/6/2018,2,ME_3_Open_2,45.4
8/12/2018,3,ME_3_Open_2,43.14
8/19/2018,4,ME_3_Open_2,41.92
8/26/2018,5,ME_3_Open_2,43.02
9/3/2018,6,ME_3_Open_2,45.62
9/11/2018,7,ME_3_Open_2,45.52
9/16/2018,8,ME_3_Open_2,45.8
9/29/2018,9,ME_3_Open_2,40.6
10/7/2018,10,ME_3_Open_2,37.66
10/21/2018,11,ME_3_Open_2,35.04
7/29/2018,1,ME_3_Open_3,47.42
8/6/2018,2,ME_3_Open_3,45.5
8/12/2018,3,ME_3_Open_3,40.3
8/19/2018,4,ME_3_Open_3,38
8/26/2018,5,ME_3_Open_3,45.28
9/3/2018,6,ME_3_Open_3,49.86
9/11/2018,7,ME_3_Open_3,51.7
9/16/2018,8,ME_3_Open_3,40.604
9/29/2018,9,ME_3_Open_3,38.535
10/7/2018,10,ME_3_Open_3,34.06
10/21/2018,11,ME_3_Open_3,38.22
7/29/2018,1,ME_3_P_1,67.4
8/6/2018,2,ME_3_P_1,66.12
8/12/2018,3,ME_3_P_1,66.64
8/19/2018,4,ME_3_P_1,68.08
8/26/2018,5,ME_3_P_1,69.7
9/3/2018,6,ME_3_P_1,73.36
9/11/2018,7,ME_3_P_1,78.24
9/16/2018,8,ME_3_P_1,79.94
9/29/2018,9,ME_3_P_1,72
10/7/2018,10,ME_3_P_1,52.86
10/21/2018,11,ME_3_P_1,48.22
7/29/2018,1,ME_3_P_2,71.18
8/6/2018,2,ME_3_P_2,71.26
8/12/2018,3,ME_3_P_2,65.52
8/19/2018,4,ME_3_P_2,59.1
8/26/2018,5,ME_3_P_2,64.22
9/3/2018,6,ME_3_P_2,68.32
9/11/2018,7,ME_3_P_2,76.58
9/16/2018,8,ME_3_P_2,82.2
9/29/2018,9,ME_3_P_2,80.56
10/7/2018,10,ME_3_P_2,65.08
10/21/2018,11,ME_3_P_2,63.8
7/29/2018,1,ME_3_P_3,55.209
8/6/2018,2,ME_3_P_3,53.592
8/12/2018,3,ME_3_P_3,48.573
8/19/2018,4,ME_3_P_3,46.956
8/26/2018,5,ME_3_P_3,47.397
9/3/2018,6,ME_3_P_3,46.851
9/11/2018,7,ME_3_P_3,46.851
9/16/2018,8,ME_3_P_3,47.271
9/29/2018,9,ME_3_P_3,48.426
10/7/2018,10,ME_3_P_3,46.284
10/21/2018,11,ME_3_P_3,46.557
7/29/2018,1,ME_3_T_1,70.28
8/6/2018,2,ME_3_T_1,74.025
8/12/2018,3,ME_3_T_1,65.898
8/19/2018,4,ME_3_T_1,59.787
8/26/2018,5,ME_3_T_1,58.737
9/3/2018,6,ME_3_T_1,59.766
9/11/2018,7,ME_3_T_1,68.943
9/16/2018,8,ME_3_T_1,72.387
9/29/2018,9,ME_3_T_1,70.607
10/7/2018,10,ME_3_T_1,61.52
10/21/2018,11,ME_3_T_1,42.04
7/29/2018,1,ME_3_T_2,58.04
8/6/2018,2,ME_3_T_2,61.7
8/12/2018,3,ME_3_T_2,66.82
8/19/2018,4,ME_3_T_2,73.72
8/26/2018,5,ME_3_T_2,77.3
9/3/2018,6,ME_3_T_2,80.26
9/11/2018,7,ME_3_T_2,62.52
9/16/2018,8,ME_3_T_2,75.1
9/29/2018,9,ME_3_T_2,77.46
10/7/2018,10,ME_3_T_2,75.22
10/21/2018,11,ME_3_T_2,67.1
7/29/2018,1,ME_3_T_3,59.304
8/6/2018,2,ME_3_T_3,59.094
8/12/2018,3,ME_3_T_3,58.149
8/19/2018,4,ME_3_T_3,53.76
8/26/2018,5,ME_3_T_3,57.225
9/3/2018,6,ME_3_T_3,53.676
9/11/2018,7,ME_3_T_3,53.235
9/16/2018,8,ME_3_T_3,50.526
9/29/2018,9,ME_3_T_3,52.164
10/7/2018,10,ME_3_T_3,54.432
10/21/2018,11,ME_3_T_3,54.873
